Well,Link_to_PDF_Well_Completion_report
"
PL 415, OER DURHAM RANCH 295, OER DURHAM RANCH 295 ST2, OER DURHAM RANCH 295 ST1, WELL COMPLETION REPORT
",https://geoscience.data.qld.gov.au/data/dataset/4f135687-0203-4b3a-b5a1-810db4fb3a87/resource/geo-doc523898-cr109475/download/%252FReport%25252f109475%25252fDocument%25252f523898%25252fcr_109475_1.pdf
"
PL 195, AUS DURHAM RANCH 285, WELL COMPLETION REPORT
",https://geoscience.data.qld.gov.au/data/dataset/2ca1527d-279b-4da7-9fd1-4fa8dbb43ad5/resource/geo-doc531332-cr101871/download/%252FReport%25252f101871%25252fDocument%25252f531332%25252fcr_101871_1.pdf
"
PL 195, AUS DURHAM RANCH 308, WELL COMPLETION REPORT
",https://geoscience.data.qld.gov.au/data/dataset/410e69c1-3939-4657-aef7-5460d86b8500/resource/geo-doc509149-cr101250/download/%252FReport%25252f101250%25252fDocument%25252f509149%25252fcr_101250_1.pdf
"
PL 417, OER DURHAM RANCH 381V, WELL COMPLETION REPORT
",https://geoscience.data.qld.gov.au/data/dataset/a0169f91-6701-4515-a8da-81fa372248f6/resource/geo-doc682217-cr110915/download/%252FReport%25252f110915%25252fDocument%25252f682217%25252fcr_110915_1.pdf
"
PL 417, OER DURHAM RANCH 381H, WELL COMPLETION REPORT
",https://geoscience.data.qld.gov.au/data/dataset/7ac16f5f-1f46-419c-a08f-696b5f64b8fa/resource/geo-doc683777-cr110914/download/%252FReport%25252f110914%25252fDocument%25252f683777%25252fcr_110914_1.pdf
"
PL 195, OER DURHAM RANCH 393, OER DURHAM RANCH 393 L2, OER DURHAM RANCH 393 L3, OER DURHAM RANCH 393 L1, WELL COMPLETION REPORT
",https://geoscience.data.qld.gov.au/data/dataset/6da8e27f-5eeb-45f5-9c43-0a4a7baa1bf3/resource/geo-doc963859-cr108532/download/%252FReport%25252f108532%25252fDocument%25252f963859%25252fcr_108532_1.pdf
"
PL 195, OER DURHAM RANCH 296 L1 ST3, OER DURHAM RANCH 296 L1 ST1, OER DURHAM RANCH 296 L1 ST5, OER DURHAM RANCH 296 L1 ST4, OER DURHAM RANCH 296 ST1, OER DURHAM RANCH 296, OER DURHAM RANCH 296 L1 ST2, OER DURHAM RANCH 296 L1, WELL COMPLETION REPORT
",https://geoscience.data.qld.gov.au/data/dataset/2b7cdeac-965a-4bcd-949c-5003d87a3aa4/resource/geo-doc521682-cr108958/download/%252FReport%25252f108958%25252fDocument%25252f521682%25252fcr_108958_1.pdf
"
PL 268, OER DURHAM RANCH 876, OER DURHAM RANCH 876 L2, OER DURHAM RANCH 876 L2 ST1, OER DURHAM RANCH 876 L1, WELL COMPLETION REPORT
",https://geoscience.data.qld.gov.au/data/dataset/0aa47b70-f281-4ee6-8ec6-dc6a3e91bc4e/resource/geo-doc963930-cr108811/download/%252FReport%25252f108811%25252fDocument%25252f963930%25252fcr_108811_1.pdf
"
PL 268, OER DURHAM RANCH 170 L1, OER DURHAM RANCH 170 L1 ST2, OER DURHAM RANCH 170, OER DURHAM RANCH 170 L1 ST1, WELL COMPLETION REPORT
",https://geoscience.data.qld.gov.au/data/dataset/5ec83ef6-407a-4e70-ba0e-c57555c4f0a7/resource/geo-doc523242-cr109471/download/%252FReport%25252f109471%25252fDocument%25252f523242%25252fcr_109471_1.pdf
"
PL 203, OER DURHAM RANCH 377 L1 ST1, OER DURHAM RANCH 377 L1, OER DURHAM RANCH 377 L2, OER DURHAM RANCH 377, WELL COMPLETION REPORT
",https://geoscience.data.qld.gov.au/data/dataset/4827f3e4-b9da-4ed7-af81-74f1f14eda5a/resource/geo-doc522438-cr109129/download/%252FReport%25252f109129%25252fDocument%25252f522438%25252fcr_109129_1.pdf
"
PL 203, OER DURHAM RANCH 212, OER DURHAM RANCH 212 L2, OER DURHAM RANCH 212 L1, OER DURHAM RANCH 212 L1 ST1, WELL COMPLETION REPORT
",https://geoscience.data.qld.gov.au/data/dataset/c5816b56-a8b9-4cf0-a9d9-5d2f515d0a8b/resource/geo-doc519713-cr106986/download/%252FReport%25252f106986%25252fDocument%25252f519713%25252fcr_106986_1.pdf
"
PL 268, OER DURHAM RANCH 840 L2, OER DURHAM RANCH 840 L1, OER DURHAM RANCH 840, WELL COMPLETION REPORT
",https://geoscience.data.qld.gov.au/data/dataset/7944c141-a80b-42d2-82aa-df98565b16e0/resource/geo-doc523303-cr109386/download/%252FReport%25252f109386%25252fDocument%25252f523303%25252fcr_109386_1.pdf
"
PL 268, OER DURHAM RANCH 846 L2, OER DURHAM RANCH 846, OER DURHAM RANCH 846 L1, WELL COMPLETION REPORT
",https://geoscience.data.qld.gov.au/data/dataset/6054fd1b-9fd3-44b5-a073-7313114430d5/resource/geo-doc522943-cr109477/download/%252FReport%25252f109477%25252fDocument%25252f522943%25252fcr_109477_1.pdf
"
PL 268, OER DURHAM RANCH 169 L2, OER DURHAM RANCH 169 L1, OER DURHAM RANCH 169, WELL COMPLETION REPORT
",https://geoscience.data.qld.gov.au/data/dataset/49736a3b-319a-4216-b9a7-b6ea88db191b/resource/geo-doc523024-cr109169/download/%252FReport%25252f109169%25252fDocument%25252f523024%25252fcr_109169_1.pdf
"
PL 203, OER DURHAM RANCH 114 L1, OER DURHAM RANCH 114, OER DURHAM RANCH 114 L2, WELL COMPLETION REPORT
",https://geoscience.data.qld.gov.au/data/dataset/d04caaee-9c97-41f5-9009-2399a75b1d8f/resource/geo-doc523219-cr109260/download/%252FReport%25252f109260%25252fDocument%25252f523219%25252fcr_109260_1.pdf
"
PL 203, OER DURHAM RANCH 874, OER DURHAM RANCH 874 L2, OER DURHAM RANCH 874 L1, WELL COMPLETION REPORT
",https://geoscience.data.qld.gov.au/data/dataset/89337d21-55ff-4c66-b933-5647ba3ec7b2/resource/geo-doc521975-cr109185/download/%252FReport%25252f109185%25252fDocument%25252f521975%25252fcr_109185_1.pdf
"
PL 195, OER DURHAM RANCH 277 L1, OER DURHAM RANCH 277, OER DURHAM RANCH 277 L2, WELL COMPLETION REPORT
",https://geoscience.data.qld.gov.au/data/dataset/c0b42ddf-3d15-4a76-90a8-7b9a5421294a/resource/geo-doc963839-cr107911/download/%252FReport%25252f107911%25252fDocument%25252f963839%25252fcr_107911_1.pdf
"
PL 418, OER DURHAM RANCH 814 ST1, OER DURHAM RANCH 814, WELL COMPLETION REPORT
",https://geoscience.data.qld.gov.au/data/dataset/efe82daf-7f2b-411a-a55b-fe4c9b376c68/resource/geo-doc519737-cr106717/download/%252FReport%25252f106717%25252fDocument%25252f519737%25252fcr_106717_1.pdf
"
PL 418, OER DURHAM RANCH 809, OER DURHAM RANCH 809 ST1, WELL COMPLETION REPORT
",https://geoscience.data.qld.gov.au/data/dataset/eb243c3a-bf92-4ff4-ba27-e39d9a0f6fb8/resource/geo-doc518241-cr106712/download/%252FReport%25252f106712%25252fDocument%25252f518241%25252fcr_106712_1.pdf
"
PL 418, OER DURHAM RANCH 805 ST1, OER DURHAM RANCH 805, WELL COMPLETION REPORT
",https://geoscience.data.qld.gov.au/data/dataset/a27c2fed-dbf5-4e06-af9a-e21b736bdfcf/resource/geo-doc519084-cr106711/download/%252FReport%25252f106711%25252fDocument%25252f519084%25252fcr_106711_1.pdf
"
PL 418, OER DURHAM RANCH 871 ST1, OER DURHAM RANCH 871, WELL COMPLETION REPORT
",https://geoscience.data.qld.gov.au/data/dataset/415ef6e9-c482-41d2-abba-3a6cb0398215/resource/geo-doc523307-cr109330/download/%252FReport%25252f109330%25252fDocument%25252f523307%25252fcr_109330_1.pdf
"
PL 268, OER DURHAM RANCH 184, WELL COMPLETION REPORT
",https://geoscience.data.qld.gov.au/data/dataset/f5aaeb2c-10ea-46e6-b945-79ad7fb71a79/resource/geo-doc520730-cr108057/download/%252FReport%25252f108057%25252fDocument%25252f520730%25252fcr_108057_1.pdf
"
PL 268, OER DURHAM RANCH 188, WELL COMPLETION REPORT
",https://geoscience.data.qld.gov.au/data/dataset/90ce6689-065a-41d6-8f10-f5aea54b0e0d/resource/geo-doc521804-cr108308/download/%252FReport%25252f108308%25252fDocument%25252f521804%25252fcr_108308_1.pdf
"
PL 195, OCA DURHAM RANCH 28, WELL COMPLETION REPORT
",https://gsq-horizon.s3-ap-southeast-2.amazonaws.com/QDEX/39976/cr_39976_1.pdf
"
PL 203, AUS DURHAM RANCH 249, WELL COMPLETION REPORT
",https://gsq-horizon.s3-ap-southeast-2.amazonaws.com/QDEX/69589/cr_69589_1.pdf
"
PL 203, OER DURHAM RANCH 211, WELL COMPLETION REPORT
",https://geoscience.data.qld.gov.au/data/dataset/cff9907c-2371-448b-9649-0bcbfc8f2ca8/resource/geo-doc509710-cr101239/download/%252FReport%25252f101239%25252fDocument%25252f509710%25252fcr_101239_1.pdf
"
PL 203, OER DURHAM RANCH 823, WELL COMPLETION REPORT
",https://geoscience.data.qld.gov.au/data/dataset/1240cfeb-8d84-4adf-8455-50cbe8969404/resource/geo-doc512726-cr103136/download/%252FReport%25252f103136%25252fDocument%25252f512726%25252fcr_103136_3.pdf
"
PL 418, OER DURHAM RANCH 806, WELL COMPLETION REPORT
",https://geoscience.data.qld.gov.au/data/dataset/87c44726-8105-4c5e-b652-e52bf5f2e61d/resource/geo-doc513182-cr103173/download/%252FReport%25252f103173%25252fDocument%25252f513182%25252fcr_103173_1.pdf
"
PL 195, OER DURHAM RANCH 307, WELL COMPLETION REPORT
",https://geoscience.data.qld.gov.au/data/dataset/57b1fd77-5555-4848-90c2-c168f27eb057/resource/geo-doc519072-cr106704/download/%252FReport%25252f106704%25252fDocument%25252f519072%25252fcr_106704_1.pdf
"
PL 203, OER DURHAM RANCH 86, WELL COMPLETION REPORT
",https://geoscience.data.qld.gov.au/data/dataset/adb97c94-7bff-4739-941b-87343eee14da/resource/geo-doc520628-cr108058/download/%252FReport%25252f108058%25252fDocument%25252f520628%25252fcr_108058_1.pdf
"
PL 203, OER DURHAM RANCH 192, WELL COMPLETION REPORT
",https://geoscience.data.qld.gov.au/data/dataset/9d911e02-b4b1-4e5b-81ce-f5f91dcb8cc9/resource/geo-doc509463-cr101256/download/%252FReport%25252f101256%25252fDocument%25252f509463%25252fcr_101256_1.pdf
"
PL 203, OER DURHAM RANCH 115, WELL COMPLETION REPORT
",https://geoscience.data.qld.gov.au/data/dataset/5fc94dd5-4689-4464-9a80-a46bbab885f5/resource/geo-doc520709-cr108072/download/%252FReport%25252f108072%25252fDocument%25252f520709%25252fcr_108072_1.pdf
"
PL 203, OER DURHAM RANCH 203, WELL COMPLETION REPORT
",https://geoscience.data.qld.gov.au/data/dataset/789f3d5f-2eb3-4aa8-995a-5119d4f43487/resource/geo-doc509475-cr101259/download/%252FReport%25252f101259%25252fDocument%25252f509475%25252fcr_101259_1.pdf
"
PL 203, OER DURHAM RANCH 206, WELL COMPLETION REPORT
",https://geoscience.data.qld.gov.au/data/dataset/c577bd6d-7494-4670-8286-f3c2039c2840/resource/geo-doc509777-cr101264/download/%252FReport%25252f101264%25252fDocument%25252f509777%25252fcr_101264_1.pdf
"
PL 195, OER DURHAM RANCH 467, WELL COMPLETION REPORT
",https://geoscience.data.qld.gov.au/data/dataset/ab073f23-66b4-4684-8582-922710b78863/resource/geo-doc519311-cr106705/download/%252FReport%25252f106705%25252fDocument%25252f519311%25252fcr_106705_1.pdf
"
PL 418, OER DURHAM RANCH 800, WELL COMPLETION REPORT
",https://geoscience.data.qld.gov.au/data/dataset/cf4d3552-a50d-4f25-ab96-57dc2ed0258e/resource/geo-doc519558-cr106708/download/%252FReport%25252f106708%25252fDocument%25252f519558%25252fcr_106708_1.pdf
"
PL 418, OER DURHAM RANCH 810, WELL COMPLETION REPORT
",https://geoscience.data.qld.gov.au/data/dataset/1bd3f50f-7423-46ab-b329-b46a21e216d9/resource/geo-doc518396-cr106713/download/%252FReport%25252f106713%25252fDocument%25252f518396%25252fcr_106713_1.pdf
"
PL 203, OER DURHAM RANCH 827, WELL COMPLETION REPORT
",https://geoscience.data.qld.gov.au/data/dataset/cf206af2-40f1-4f01-b625-84ac979bb9a5/resource/geo-doc512681-cr103059/download/%252FReport%25252f103059%25252fDocument%25252f512681%25252fcr_103059_1.pdf
"
PL 418, OER DURHAM RANCH 872, WELL COMPLETION REPORT
",https://geoscience.data.qld.gov.au/data/dataset/460d9bf9-4b01-40fd-b378-f0d66c9156db/resource/geo-doc520260-cr106894/download/%252FReport%25252f106894%25252fDocument%25252f520260%25252fcr_106894_1.pdf
"
PL 418, OER DURHAM RANCH 873, WELL COMPLETION REPORT
",https://geoscience.data.qld.gov.au/data/dataset/d30deced-d414-4ba7-9b24-7663017bf541/resource/geo-doc512649-cr103139/download/%252FReport%25252f103139%25252fDocument%25252f512649%25252fcr_103139_1.pdf
"
PL 203, OER DURHAM RANCH 321, WELL COMPLETION REPORT
",https://geoscience.data.qld.gov.au/data/dataset/67f61879-2ac7-4435-b595-0440a5614758/resource/geo-doc509678-cr101280/download/%252FReport%25252f101280%25252fDocument%25252f509678%25252fcr_101280_1.pdf
"
PL 203, OER DURHAM RANCH 322, WELL COMPLETION REPORT
",https://geoscience.data.qld.gov.au/data/dataset/01bb0c94-6634-45c1-a4c7-4f90ce6157f8/resource/geo-doc509687-cr101281/download/%252FReport%25252f101281%25252fDocument%25252f509687%25252fcr_101281_1.pdf
"
PL 203, OER DURHAM RANCH 113, WELL COMPLETION REPORT
",https://geoscience.data.qld.gov.au/data/dataset/5794317b-cbe9-4c08-8a55-f533cf7b5000/resource/geo-doc520778-cr108071/download/%252FReport%25252f108071%25252fDocument%25252f520778%25252fcr_108071_1.pdf
"
PL 203, OER DURHAM RANCH 171, WELL COMPLETION REPORT
",https://geoscience.data.qld.gov.au/data/dataset/c8d002f3-3e6d-4fd0-b156-ec57460e87fa/resource/geo-doc522145-cr108310/download/%252FReport%25252f108310%25252fDocument%25252f522145%25252fcr_108310_1.pdf
"
PL 203, OER DURHAM RANCH 205, WELL COMPLETION REPORT
",https://geoscience.data.qld.gov.au/data/dataset/f2cc3085-3625-4167-934e-4f3258ab2e5e/resource/geo-doc510345-cr101517/download/%252FReport%25252f101517%25252fDocument%25252f510345%25252fcr_101517_1.pdf
"
PL 203, OER DURHAM RANCH 194, WELL COMPLETION REPORT
",https://geoscience.data.qld.gov.au/data/dataset/159e1492-6f70-4d59-88e5-ed0b05b6e1fa/resource/geo-doc511177-cr102232/download/%252FReport%25252f102232%25252fDocument%25252f511177%25252fcr_102232_1.pdf
"
PL 203, OER DURHAM RANCH 201, WELL COMPLETION REPORT
",https://geoscience.data.qld.gov.au/data/dataset/8a804c96-928f-4c7c-b665-39c96acd0e45/resource/geo-doc531106-cr101870/download/%252FReport%25252f101870%25252fDocument%25252f531106%25252fcr_101870_1.pdf
"
PL 203, OER DURHAM RANCH 197, WELL COMPLETION REPORT
",https://geoscience.data.qld.gov.au/data/dataset/0c35f3af-1f28-4a15-9034-c5e2dd45e88c/resource/geo-doc509606-cr101257/download/%252FReport%25252f101257%25252fDocument%25252f509606%25252fcr_101257_1.pdf
"
PL 418, OER DURHAM RANCH 801, WELL COMPLETION REPORT
",https://geoscience.data.qld.gov.au/data/dataset/7c8c628d-8b4d-400d-aa02-cc0b79c9d057/resource/geo-doc519254-cr106595/download/%252FReport%25252f106595%25252fDocument%25252f519254%25252fcr_106595_1.pdf
"
PL 203, OER DURHAM RANCH 822, WELL COMPLETION REPORT
",https://geoscience.data.qld.gov.au/data/dataset/6d656763-1002-4316-9617-398360ae62a5/resource/geo-doc518980-cr106987/download/%252FReport%25252f106987%25252fDocument%25252f518980%25252fcr_106987_1.pdf
"
PL 203, OER DURHAM RANCH 193, WELL COMPLETION REPORT
",https://geoscience.data.qld.gov.au/data/dataset/a3a91d52-76d0-44c8-957e-c55191d050b8/resource/geo-doc512021-cr102301/download/%252FReport%25252f102301%25252fDocument%25252f512021%25252fcr_102301_1.pdf
"
PL 203, OER DURHAM RANCH 207, WELL COMPLETION REPORT
",https://geoscience.data.qld.gov.au/data/dataset/1e2f71dc-136c-4843-acf9-8fa6e03b4a0e/resource/geo-doc511060-cr102265/download/%252FReport%25252f102265%25252fDocument%25252f511060%25252fcr_102265_1.pdf
"
PL 203, OER DURHAM RANCH 210, WELL COMPLETION REPORT
",https://geoscience.data.qld.gov.au/data/dataset/8ade6456-9393-40be-b37f-b472240e894a/resource/geo-doc513097-cr103142/download/%252FReport%25252f103142%25252fDocument%25252f513097%25252fcr_103142_3.pdf
"
PL 203, OER DURHAM RANCH 216, WELL COMPLETION REPORT
",https://geoscience.data.qld.gov.au/data/dataset/9d1776d1-2ff1-44d9-af19-c55062cade64/resource/geo-doc513095-cr103146/download/%252FReport%25252f103146%25252fDocument%25252f513095%25252fcr_103146_3.pdf
"
PL 203, OER DURHAM RANCH 204, WELL COMPLETION REPORT
",https://geoscience.data.qld.gov.au/data/dataset/4352f5b7-581c-4a9f-acae-63f330aed6bc/resource/geo-doc511257-cr102263/download/%252FReport%25252f102263%25252fDocument%25252f511257%25252fcr_102263_1.pdf
"
PL 203, OER DURHAM RANCH 214, WELL COMPLETION REPORT
",https://geoscience.data.qld.gov.au/data/dataset/c2a9801e-5a75-47b6-8658-b51adf26b75a/resource/geo-doc510194-cr101532/download/%252FReport%25252f101532%25252fDocument%25252f510194%25252fcr_101532_1.pdf
"
PL 203, OER DURHAM RANCH 195, WELL COMPLETION REPORT
",https://geoscience.data.qld.gov.au/data/dataset/3eb90e13-a787-4291-a02f-bbc6ce6689f7/resource/geo-doc531044-cr101536/download/%252FReport%25252f101536%25252fDocument%25252f531044%25252fcr_101536_1.pdf
"
PL 195, AUS DURHAM RANCH 313, WELL COMPLETION REPORT
",https://geoscience.data.qld.gov.au/data/dataset/63a0bd9a-140a-4d64-bce5-7a6dc30ff539/resource/geo-doc509633-cr101276/download/%252FReport%25252f101276%25252fDocument%25252f509633%25252fcr_101276_1.pdf
"
PL 195, OER DURHAM RANCH 310, WELL COMPLETION REPORT
",https://geoscience.data.qld.gov.au/data/dataset/890a387e-11d6-4c92-8aa3-3b2236f07f3c/resource/geo-doc515759-cr104530/download/%252FReport%25252f104530%25252fDocument%25252f515759%25252fcr_104530_1.pdf
"
PL 203, OER DURHAM RANCH 217, WELL COMPLETION REPORT
",https://geoscience.data.qld.gov.au/data/dataset/4bab5e33-7372-4678-8d8c-a4e64622a90d/resource/geo-doc512395-cr103135/download/%252FReport%25252f103135%25252fDocument%25252f512395%25252fcr_103135_3.pdf
"
PL 203, OER DURHAM RANCH 208, WELL COMPLETION REPORT
",https://geoscience.data.qld.gov.au/data/dataset/db264811-1cd8-4e0c-bff1-0f94d4e1f3fa/resource/geo-doc531128-cr102270/download/%252FReport%25252f102270%25252fDocument%25252f531128%25252fcr_102270_1.pdf
"
PL 203, OER DURHAM RANCH 209, WELL COMPLETION REPORT
",https://geoscience.data.qld.gov.au/data/dataset/af56c3e8-7370-4210-b9cc-e9e2b887c3d2/resource/geo-doc512074-cr103134/download/%252FReport%25252f103134%25252fDocument%25252f512074%25252fcr_103134_3.pdf
"
PL 195, AUS DURHAM RANCH 397, WELL COMPLETION REPORT
",https://geoscience.data.qld.gov.au/data/dataset/3e2349a5-1672-4dfb-8201-f0bfeedfc803/resource/geo-doc664134-cr098047/download/%252FReport%252F98047%252FDocument%252F664134%252Fcr_98047_1.pdf
"
PL 195, AUS DURHAM RANCH 315, WELL COMPLETION REPORT
",https://geoscience.data.qld.gov.au/data/dataset/dad16311-abd2-4f57-8c60-4d28b0ae3a51/resource/geo-doc664620-cr098050/download/%252FReport%252F98050%252FDocument%252F664620%252Fcr_98050_1.pdf
"
PL 195, AUS DURHAM RANCH 388, WELL COMPLETION REPORT
",https://geoscience.data.qld.gov.au/data/dataset/a74012af-6754-445e-ba5d-660a800d9054/resource/geo-doc665643-cr098049/download/%252FReport%252F98049%252FDocument%252F665643%252Fcr_98049_1.pdf
"
PL 195, OER DURHAM RANCH 289, WELL COMPLETION REPORT
",https://geoscience.data.qld.gov.au/data/dataset/dbcad573-2305-41af-b45c-239d6584143f/resource/geo-doc664637-cr098048/download/%252FReport%252F98048%252FDocument%252F664637%252Fcr_98048_1.pdf
"
PL 195, OER DURHAM RANCH 269, WELL COMPLETION REPORT
",https://geoscience.data.qld.gov.au/data/dataset/7b1c6165-4bb7-4a74-b026-d5926f60291c/resource/geo-doc664298-cr097822/download/%252FReport%25252f97822%25252fDocument%25252f664298%25252fcr_97822_1.pdf
"
PL 195, OER DURHAM RANCH 280, WELL COMPLETION REPORT
",https://geoscience.data.qld.gov.au/data/dataset/a1a41f84-66f8-4960-9f0f-388f647efb60/resource/geo-doc664308-cr097308/download/%252FReport%25252f97308%25252fDocument%25252f664308%25252fcr_97308_1.pdf
"
PL 195, OER DURHAM RANCH 283, WELL COMPLETION REPORT
",https://geoscience.data.qld.gov.au/data/dataset/0fd4f64b-3daf-40e2-8758-81e24481db03/resource/geo-doc664400-cr097310/download/%252FReport%25252f97310%25252fDocument%25252f664400%25252fcr_97310_1.pdf
"
PL 195, OER DURHAM RANCH 290, WELL COMPLETION REPORT
",https://geoscience.data.qld.gov.au/data/dataset/5fde9ee8-2ae6-4bca-a2ff-dcdd2d9b8fcb/resource/geo-doc663773-cr097397/download/%252FReport%252F97397%252FDocument%252F663773%252Fcr_97397_1.pdf
"
PL 195, OER DURHAM RANCH 268, WELL COMPLETION REPORT
",https://geoscience.data.qld.gov.au/data/dataset/21067141-b631-4509-800c-7111a41854ea/resource/geo-doc664519-cr097339/download/%252FReport%252F97339%252FDocument%252F664519%252Fcr_97339_1.pdf
"
PL 195, OER DURHAM RANCH 281, WELL COMPLETION REPORT
",https://geoscience.data.qld.gov.au/data/dataset/8076425a-29b8-4d0c-a61d-a6198b47b233/resource/geo-doc663552-cr097309/download/%252FReport%25252f97309%25252fDocument%25252f663552%25252fcr_97309_1.pdf
"
PL 195, OER DURHAM RANCH 274, WELL COMPLETION REPORT
",https://geoscience.data.qld.gov.au/data/dataset/98656eab-58a2-49ad-add3-6e5360475580/resource/geo-doc663087-cr097396/download/%252FReport%25252f97396%25252fDocument%25252f663087%25252fcr_97396_1.pdf
"
PL 195, OER DURHAM RANCH 272, WELL COMPLETION REPORT
",https://geoscience.data.qld.gov.au/data/dataset/67ce6041-48ba-4668-a06b-e864f07e19eb/resource/geo-doc664589-cr097307/download/%252FReport%25252f97307%25252fDocument%25252f664589%25252fcr_97307_1.pdf
"
PL 415, OER DURHAM RANCH 386, WELL COMPLETION REPORT
",https://geoscience.data.qld.gov.au/data/dataset/8982becf-f4fc-4af5-80be-01ed1e589051/resource/geo-doc522303-cr109442/download/%252FReport%252F109442%252FDocument%252F522303%252Fcr_109442_1.pdf
"
PL 195, OER DURHAM RANCH 287, WELL COMPLETION REPORT
",https://geoscience.data.qld.gov.au/data/dataset/f485afb9-d71b-4e75-b1b6-55f7e3ef7c98/resource/geo-doc522559-cr108494/download/%252FReport%25252f108494%25252fDocument%25252f522559%25252fcr_108494_1.pdf
"
PL 414, OER DURHAM RANCH 327, WELL COMPLETION REPORT
",https://geoscience.data.qld.gov.au/data/dataset/62eb7420-8a4e-482f-9219-85a5eb47b21b/resource/geo-doc521062-cr108309/download/%252FReport%25252f108309%25252fDocument%25252f521062%25252fcr_108309_1.pdf
"
PL 417, OER DURHAM RANCH 127, WELL COMPLETION REPORT
",https://geoscience.data.qld.gov.au/data/dataset/a6ee753d-7b69-41d2-b8ca-0ff828d251da/resource/geo-doc1033303-cr091749/download/%252FReport%252F91749%252FDocument%252F1033303%252Fcr_91749_1.pdf
"
PL 417, OER DURHAM RANCH 365, WELL COMPLETION REPORT
",https://geoscience.data.qld.gov.au/data/dataset/a15d5a77-e9ae-46ab-b797-ee36675317de/resource/geo-doc1033691-cr091200/download/%252FReport%252F91200%252FDocument%252F1033691%252Fcr_91200_1.pdf
"
PL 417, OER DURHAM RANCH 374, WELL COMPLETION REPORT
",https://geoscience.data.qld.gov.au/data/dataset/995f97ff-2675-4da6-93f7-83b74dccc25f/resource/geo-doc1033636-cr091752/download/%252FReport%252F91752%252FDocument%252F1033636%252Fcr_91752_1.pdf
"
PL 417, OER DURHAM RANCH 146, WELL COMPLETION REPORT
",https://geoscience.data.qld.gov.au/data/dataset/80ec034d-832f-4221-8788-59e98863f989/resource/geo-doc1032836-cr091115/download/%252FReport%252F91115%252FDocument%252F1032836%252Fcr_91115_1.pdf
"
PL 417, OER DURHAM RANCH 139, WELL COMPLETION REPORT
",https://geoscience.data.qld.gov.au/data/dataset/24f552b0-c503-4e7a-835b-20c49b10b2a2/resource/geo-doc1033841-cr091180/download/%252FReport%252F91180%252FDocument%252F1033841%252Fcr_91180_1.pdf
"
PL 195, OER DURHAM RANCH 305, WELL COMPLETION REPORT
",https://geoscience.data.qld.gov.au/data/dataset/5752e8a6-d8c6-499f-9f48-ee72681d49ca/resource/geo-doc1033501-cr090773/download/%252FReport%252F90773%252FDocument%252F1033501%252Fcr_90773_1.pdf
"
PL 417, OER DURHAM RANCH 357, WELL COMPLETION REPORT
",https://geoscience.data.qld.gov.au/data/dataset/1598c0e7-66ca-4da8-a2a2-9793f2e61d87/resource/geo-doc1033609-cr092232/download/%252FReport%252F92232%252FDocument%252F1033609%252Fcr_92232_1.pdf
"
PL 417, OER DURHAM RANCH 147, WELL COMPLETION REPORT
",https://geoscience.data.qld.gov.au/data/dataset/4288148e-e5c9-45e2-8443-aabf4a87743d/resource/geo-doc1033849-cr091944/download/%252FReport%252F91944%252FDocument%252F1033849%252Fcr_91944_1.pdf
"
PL 417, OER DURHAM RANCH 232, WELL COMPLETION REPORT
",https://geoscience.data.qld.gov.au/data/dataset/fc3d255d-4527-449d-865c-b75159499454/resource/geo-doc1033235-cr091750/download/%252FReport%252F91750%252FDocument%252F1033235%252Fcr_91750_1.pdf
"
PL 417, OER DURHAM RANCH 361, WELL COMPLETION REPORT
",https://geoscience.data.qld.gov.au/data/dataset/080664dc-7f30-4f8a-9546-4071cec2bcae/resource/geo-doc1033537-cr091197/download/%252FReport%252F91197%252FDocument%252F1033537%252Fcr_91197_1.pdf
"
PL 417, OER DURHAM RANCH 376, WELL COMPLETION REPORT
",https://geoscience.data.qld.gov.au/data/dataset/1e306fea-7781-44fe-a646-cec07f2abf61/resource/geo-doc1033471-cr091225/download/%252FReport%252F91225%252FDocument%252F1033471%252Fcr_91225_1.pdf
"
PL 417, OER DURHAM RANCH 364, WELL COMPLETION REPORT
",https://geoscience.data.qld.gov.au/data/dataset/d17a2cd6-4a21-47fb-8727-1eb89aa0a012/resource/geo-doc1033472-cr091199/download/%252FReport%252F91199%252FDocument%252F1033472%252Fcr_91199_1.pdf
"
PL 417, OER DURHAM RANCH 363, WELL COMPLETION REPORT
",https://geoscience.data.qld.gov.au/data/dataset/20401d84-9dad-4015-953c-6134675e2fb4/resource/geo-doc1033476-cr091198/download/%252FReport%252F91198%252FDocument%252F1033476%252Fcr_91198_1.pdf
"
PL 417, OER DURHAM RANCH 150, WELL COMPLETION REPORT
",https://geoscience.data.qld.gov.au/data/dataset/e37ebe72-41fa-4848-9ee2-7ad3e5d93bbb/resource/geo-doc1033776-cr091116/download/%252FReport%252F91116%252FDocument%252F1033776%252Fcr_91116_1.pdf
"
PL 195, OER DURHAM RANCH 244, WELL COMPLETION REPORT
",https://gsq-horizon.s3-ap-southeast-2.amazonaws.com/QDEX/90678/cr_90678_1.pdf
"
PL 417, OER DURHAM RANCH 359, WELL COMPLETION REPORT
",https://geoscience.data.qld.gov.au/data/dataset/130cabd3-dd9f-4077-8589-d72c2910a4c1/resource/geo-doc1033221-cr091117/download/%252FReport%25252f91117%25252fDocument%25252f1033221%25252fcr_91117_1.pdf
"
PL 417, OER DURHAM RANCH 362, WELL COMPLETION REPORT
",https://geoscience.data.qld.gov.au/data/dataset/2c6c39b0-09a5-4375-8e42-db7b73752795/resource/geo-doc1032961-cr090679/download/%252FReport%252F90679%252FDocument%252F1032961%252Fcr_90679_1.pdf
"
PL 417, OER DURHAM RANCH 375, WELL COMPLETION REPORT
",https://geoscience.data.qld.gov.au/data/dataset/a2aff0fd-ffb4-4e35-9001-c8f85d34f81d/resource/geo-doc1033814-cr090801/download/%252FReport%252F90801%252FDocument%252F1033814%252Fcr_90801_1.pdf
"
PL 195, OER DURHAM RANCH 271, WELL COMPLETION REPORT
",https://gsq-horizon.s3-ap-southeast-2.amazonaws.com/QDEX/90302/cr_90302_1.pdf
"
PL 417, OER DURHAM RANCH 140, WELL COMPLETION REPORT
",https://geoscience.data.qld.gov.au/data/dataset/0ba56e67-08e6-4afc-93f8-7945c4dc54ab/resource/geo-doc1033107-cr090017/download/%252FReport%252F90017%252FDocument%252F1033107%252Fcr_90017_1.pdf
"
PL 195, OER DURHAM RANCH 275, WELL COMPLETION REPORT
",https://geoscience.data.qld.gov.au/data/dataset/1ab1b036-0cef-4d26-a632-3ae2a7d6f790/resource/geo-doc513705-cr103319/download/%252FReport%25252f103319%25252fDocument%25252f513705%25252fcr_103319_1.pdf
"
PL 195, OER DURHAM RANCH 240, WELL COMPLETION REPORT
",https://gsq-horizon.s3-ap-southeast-2.amazonaws.com/QDEX/86664/cr_86664_1.pdf
"
PL 203, OER DURHAM RANCH 187, WELL COMPLETION REPORT
",https://geoscience.data.qld.gov.au/data/dataset/795b8152-5ef0-42e1-a983-4d80187f1db5/resource/geo-doc511668-cr102227/download/%252FReport%25252f102227%25252fDocument%25252f511668%25252fcr_102227_1.pdf
"
PL 195, AUS DURHAM RANCH 312, WELL COMPLETION REPORT
",https://geoscience.data.qld.gov.au/data/dataset/f019c315-2b7b-49e5-9b7d-72528b9a0b7c/resource/geo-doc510549-cr101866/download/%252FReport%252F101866%252FDocument%252F510549%252Fcr_101866_1.pdf
"
PL 195, OER DURHAM RANCH 318, WELL COMPLETION REPORT
",https://geoscience.data.qld.gov.au/data/dataset/4ca366cf-4143-4a43-b27b-b61973c60976/resource/geo-doc509658-cr101277/download/%252FReport%252F101277%252FDocument%252F509658%252Fcr_101277_1.pdf
"
PL 195, OER DURHAM RANCH 292, WELL COMPLETION REPORT
",https://geoscience.data.qld.gov.au/data/dataset/4f3c40fd-ee84-47e0-98a6-46d730004f59/resource/geo-doc509578-cr101272/download/%252FReport%252F101272%252FDocument%252F509578%252Fcr_101272_1.pdf
"
PL 195, OER DURHAM RANCH 284, WELL COMPLETION REPORT
",https://geoscience.data.qld.gov.au/data/dataset/b8573cb5-b92f-47c5-83ef-1abddeb07164/resource/geo-doc509618-cr101249/download/%252FReport%25252f101249%25252fDocument%25252f509618%25252fcr_101249_1.pdf
"
PL 195, AUS DURHAM RANCH 399, WELL COMPLETION REPORT
",https://geoscience.data.qld.gov.au/data/dataset/02f7236c-b0dd-4ef8-884b-a3804e9f6b94/resource/geo-doc510798-cr101904/download/%252FReport%252F101904%252FDocument%252F510798%252Fcr_101904_1.pdf
"
PL 195, AUS DURHAM RANCH 311, WELL COMPLETION REPORT
",https://geoscience.data.qld.gov.au/data/dataset/47a60bfc-84ba-4254-b675-c91b935db3ed/resource/geo-doc531061-cr101873/download/%252FReport%25252f101873%25252fDocument%25252f531061%25252fcr_101873_1.pdf
"
PL 195, AUS DURHAM RANCH 309, WELL COMPLETION REPORT
",https://geoscience.data.qld.gov.au/data/dataset/4ebc5cdf-6184-4b5b-adfd-7bd777f304ac/resource/geo-doc511127-cr101865/download/%252FReport%252F101865%252FDocument%252F511127%252Fcr_101865_1.pdf
"
PL 195, OER DURHAM RANCH 286, WELL COMPLETION REPORT
",https://geoscience.data.qld.gov.au/data/dataset/b75df785-3211-4389-a19c-8ea604226e0d/resource/geo-doc510164-cr101882/download/%252FReport%25252f101882%25252fDocument%25252f510164%25252fcr_101882_1.pdf
"
PL 416, AUS DURHAM RANCH 304, WELL COMPLETION REPORT
",https://geoscience.data.qld.gov.au/data/dataset/c2ea3416-a540-4788-80bd-7095b7965953/resource/geo-doc510591-cr101912/download/%252FReport%25252f101912%25252fDocument%25252f510591%25252fcr_101912_1.pdf
"
PL 195, AUS DURHAM RANCH 317, WELL COMPLETION REPORT
",https://geoscience.data.qld.gov.au/data/dataset/0dc5337b-2576-43c2-b32d-ce57a289ea39/resource/geo-doc509172-cr101371/download/%252FReport%252F101371%252FDocument%252F509172%252Fcr_101371_1.pdf
"
PL 416, OER DURHAM RANCH 299, WELL COMPLETION REPORT
",https://geoscience.data.qld.gov.au/data/dataset/6f21eef0-2ab7-44fc-a41e-d2ecec67c97e/resource/geo-doc510133-cr101518/download/%252FReport%252F101518%252FDocument%252F510133%252Fcr_101518_1.pdf
"
PL 195, AUS DURHAM RANCH 320, WELL COMPLETION REPORT
",https://geoscience.data.qld.gov.au/data/dataset/12854e62-14dc-4b38-87c9-28732e9ea238/resource/geo-doc510577-cr101876/download/%252FReport%25252f101876%25252fDocument%25252f510577%25252fcr_101876_1.pdf
"
PL 195, AUS DURHAM RANCH 319, WELL COMPLETION REPORT
",https://geoscience.data.qld.gov.au/data/dataset/466ff173-31a7-46d9-8f26-54f7bdf98553/resource/geo-doc509902-cr101279/download/%252FReport%252F101279%252FDocument%252F509902%252Fcr_101279_1.pdf
"
PL 414, OER DURHAM RANCH 324, WELL COMPLETION REPORT
",https://geoscience.data.qld.gov.au/data/dataset/8ebdd82c-199c-4530-8b4a-f66bd8b51838/resource/geo-doc509760-cr101284/download/%252FReport%25252f101284%25252fDocument%25252f509760%25252fcr_101284_1.pdf
"
PL 195, AUS DURHAM RANCH 314, WELL COMPLETION REPORT
",https://geoscience.data.qld.gov.au/data/dataset/31a3c8c4-7b75-462f-bfb0-d3758d939232/resource/geo-doc509417-cr101255/download/%252FReport%252F101255%252FDocument%252F509417%252Fcr_101255_1.pdf
"
PL 195, OER DURHAM RANCH 316, WELL COMPLETION REPORT
",https://geoscience.data.qld.gov.au/data/dataset/77a5c725-6684-4135-b335-e657aa15204f/resource/geo-doc509676-cr101242/download/%252FReport%252F101242%252FDocument%252F509676%252Fcr_101242_1.pdf
"
PL 195, OER DURHAM RANCH 105, WELL COMPLETION REPORT
",https://gsq-horizon.s3-ap-southeast-2.amazonaws.com/QDEX/83962/cr_83962_1.pdf
"
PL 195, OER DURHAM RANCH 278, WELL COMPLETION REPORT
",https://gsq-horizon.s3-ap-southeast-2.amazonaws.com/QDEX/85891/cr_85891_1.pdf
"
PL 195, OER DURHAM RANCH 293, WELL COMPLETION REPORT
",https://gsq-horizon.s3-ap-southeast-2.amazonaws.com/QDEX/84998/cr_84998_1.pdf
"
PL 195, OER DURHAM RANCH 279, WELL COMPLETION REPORT
",https://gsq-horizon.s3-ap-southeast-2.amazonaws.com/QDEX/84431/cr_84431_1.pdf
"
PL 203, OER DURHAM RANCH 126, WELL COMPLETION REPORT
",https://gsq-horizon.s3-ap-southeast-2.amazonaws.com/QDEX/83407/cr_83407_1.pdf
"
PL 195, OER DURHAM RANCH 104, WELL COMPLETION REPORT
",https://gsq-horizon.s3-ap-southeast-2.amazonaws.com/QDEX/83961/cr_83961_1.pdf
"
PL 195, OER DURHAM RANCH 99, WELL COMPLETION REPORT
",https://gsq-horizon.s3-ap-southeast-2.amazonaws.com/QDEX/83430/cr_83430_1.pdf
"
PL 195, OER DURHAM RANCH 266, WELL COMPLETION REPORT
",https://gsq-horizon.s3-ap-southeast-2.amazonaws.com/QDEX/83066/cr_83066_1.pdf
"
PL 203, OER DURHAM RANCH 182, WELL COMPLETION REPORT
",https://gsq-horizon.s3-ap-southeast-2.amazonaws.com/QDEX/82562/cr_82562_1.pdf
"
PL 203, OER DURHAM RANCH 174, WELL COMPLETION REPORT
",https://gsq-horizon.s3-ap-southeast-2.amazonaws.com/QDEX/82389/cr_82389_1.pdf
"
PL 203, OER DURHAM RANCH 175, WELL COMPLETION REPORT
",https://gsq-horizon.s3-ap-southeast-2.amazonaws.com/QDEX/81295/cr_81295_1.pdf
"
PL 195, OER DURHAM RANCH 103, WELL COMPLETION REPORT
",https://gsq-horizon.s3-ap-southeast-2.amazonaws.com/QDEX/85539/cr_85539_1.pdf
"
PL 195, OER DURHAM RANCH 101, WELL COMPLETION REPORT
",https://gsq-horizon.s3-ap-southeast-2.amazonaws.com/QDEX/85247/cr_85247_1.pdf
"
PL 417, OER DURHAM RANCH 347, WELL COMPLETION REPORT
",https://gsq-horizon.s3-ap-southeast-2.amazonaws.com/QDEX/84407/cr_84407_1.pdf
"
PL 195, OER DURHAM RANCH 270, WELL COMPLETION REPORT
",https://gsq-horizon.s3-ap-southeast-2.amazonaws.com/QDEX/83963/cr_83963_1.pdf
"
PL 195, OER DURHAM RANCH 100, WELL COMPLETION REPORT
",https://gsq-horizon.s3-ap-southeast-2.amazonaws.com/QDEX/83959/cr_83959_1.pdf
"
PL 417, OER DURHAM RANCH 358, WELL COMPLETION REPORT
",https://gsq-horizon.s3-ap-southeast-2.amazonaws.com/QDEX/83964/cr_83964_1.pdf
"
PL 195, OER DURHAM RANCH 102, WELL COMPLETION REPORT
",https://gsq-horizon.s3-ap-southeast-2.amazonaws.com/QDEX/83960/cr_83960_1.pdf
"
PL 203, OER DURHAM RANCH 93, WELL COMPLETION REPORT
",https://gsq-horizon.s3-ap-southeast-2.amazonaws.com/QDEX/83418/cr_83418_1.pdf
"
PL 195, OER DURHAM RANCH 265, WELL COMPLETION REPORT
",https://gsq-horizon.s3-ap-southeast-2.amazonaws.com/QDEX/83428/cr_83428_1.pdf
"
PL 203, OER DURHAM RANCH 94, WELL COMPLETION REPORT
",https://gsq-horizon.s3-ap-southeast-2.amazonaws.com/QDEX/83419/cr_83419_1.pdf
"
PL 195, OER DURHAM RANCH 276, WELL COMPLETION REPORT
",https://gsq-horizon.s3-ap-southeast-2.amazonaws.com/QDEX/83412/cr_83412_1.pdf
"
PL 203, OER DURHAM RANCH 124, WELL COMPLETION REPORT
",https://gsq-horizon.s3-ap-southeast-2.amazonaws.com/QDEX/83420/cr_83420_1.pdf
"
PL 203, OER DURHAM RANCH 179, WELL COMPLETION REPORT
",https://gsq-horizon.s3-ap-southeast-2.amazonaws.com/QDEX/82617/cr_82617_1.pdf
"
PL 203, OER DURHAM RANCH 180, WELL COMPLETION REPORT
",https://gsq-horizon.s3-ap-southeast-2.amazonaws.com/QDEX/82561/cr_82561_1.pdf
"
PL 195, OER DURHAM RANCH 106, WELL COMPLETION REPORT
",https://gsq-horizon.s3-ap-southeast-2.amazonaws.com/QDEX/82744/cr_82744_1.pdf
"
PL 203, OER DURHAM RANCH 183, WELL COMPLETION REPORT
",https://gsq-horizon.s3-ap-southeast-2.amazonaws.com/QDEX/82616/cr_82616_1.pdf
"
PL 195, OER DURHAM RANCH 107, WELL COMPLETION REPORT
",https://gsq-horizon.s3-ap-southeast-2.amazonaws.com/QDEX/82560/cr_82560_1.pdf
"
PL 203, OER DURHAM RANCH 108, WELL COMPLETION REPORT
",https://gsq-horizon.s3-ap-southeast-2.amazonaws.com/QDEX/82207/cr_82207_1.pdf
"
PL 203, OER DURHAM RANCH 176, WELL COMPLETION REPORT
",https://gsq-horizon.s3-ap-southeast-2.amazonaws.com/QDEX/81552/cr_81552_1.pdf
"
PL 203, OER DURHAM RANCH 186, WELL COMPLETION REPORT
",https://gsq-horizon.s3-ap-southeast-2.amazonaws.com/QDEX/81286/cr_81286_1.pdf
"
PL 203, OER DURHAM RANCH 185, WELL COMPLETION REPORT
",https://gsq-horizon.s3-ap-southeast-2.amazonaws.com/QDEX/81284/cr_81284_1.pdf
"
PL 203, OER DURHAM RANCH 189, WELL COMPLETION REPORT
",https://gsq-horizon.s3-ap-southeast-2.amazonaws.com/QDEX/80785/cr_80785_1.pdf
"
PL 203, OER DURHAM RANCH 191, WELL COMPLETION REPORT
",https://gsq-horizon.s3-ap-southeast-2.amazonaws.com/QDEX/80765/cr_80765_1.pdf
"
PL 203, AUS DURHAM RANCH 132, WELL COMPLETION REPORT
",https://gsq-horizon.s3-ap-southeast-2.amazonaws.com/QDEX/80418/cr_80418_1.pdf
"
PL 203, AUS DURHAM RANCH 155, WELL COMPLETION REPORT
",https://gsq-horizon.s3-ap-southeast-2.amazonaws.com/QDEX/78366/cr_78366_1.pdf
"
PL 203, AUS DURHAM RANCH 136, WELL COMPLETION REPORT
",https://gsq-horizon.s3-ap-southeast-2.amazonaws.com/QDEX/78367/cr_78367_1.pdf
"
PL 203, AUS DURHAM RANCH 130, WELL COMPLETION REPORT
",https://gsq-horizon.s3-ap-southeast-2.amazonaws.com/QDEX/77959/cr_77959_1.pdf
"
PL 195, AUS DURHAM RANCH 111, WELL COMPLETION REPORT
",https://gsq-horizon.s3-ap-southeast-2.amazonaws.com/QDEX/75949/cr_75949_1.pdf
"
PL 195, AUS DURHAM RANCH 260, WELL COMPLETION REPORT
",https://gsq-horizon.s3-ap-southeast-2.amazonaws.com/QDEX/75850/cr_75850_1.pdf
"
PL 203, OER DURHAM RANCH 181, WELL COMPLETION REPORT
",https://gsq-horizon.s3-ap-southeast-2.amazonaws.com/QDEX/80591/cr_80591_1.pdf
"
PL 203, AUS DURHAM RANCH 134, WELL COMPLETION REPORT
",https://gsq-horizon.s3-ap-southeast-2.amazonaws.com/QDEX/80536/cr_80536_1.pdf
"
PL 203, OER DURHAM RANCH 165, WELL COMPLETION REPORT
",https://gsq-horizon.s3-ap-southeast-2.amazonaws.com/QDEX/80590/cr_80590_1.pdf
"
PL 203, AUS DURHAM RANCH 166, WELL COMPLETION REPORT
",https://gsq-horizon.s3-ap-southeast-2.amazonaws.com/QDEX/80419/cr_80419_1.pdf
"
PL 203, AUS DURHAM RANCH 138, WELL COMPLETION REPORT
",https://gsq-horizon.s3-ap-southeast-2.amazonaws.com/QDEX/79937/cr_79937_1.pdf
"
PL 203, AUS DURHAM RANCH 162, WELL COMPLETION REPORT
",https://gsq-horizon.s3-ap-southeast-2.amazonaws.com/QDEX/79938/cr_79938_1.pdf
"
PL 203, AUS DURHAM RANCH 154, WELL COMPLETION REPORT
",https://gsq-horizon.s3-ap-southeast-2.amazonaws.com/QDEX/79146/cr_79146_1.pdf
"
PL 203, AUS DURHAM RANCH 117, WELL COMPLETION REPORT
",https://gsq-horizon.s3-ap-southeast-2.amazonaws.com/QDEX/77873/cr_77873_1.pdf
"
PL 203, AUS DURHAM RANCH 112, WELL COMPLETION REPORT
",https://gsq-horizon.s3-ap-southeast-2.amazonaws.com/QDEX/76996/cr_76996_3.pdf
"
PL 195, AUS DURHAM RANCH 263, WELL COMPLETION REPORT
",https://gsq-horizon.s3-ap-southeast-2.amazonaws.com/QDEX/77023/cr_77023_1.pdf
"
PL 195, AUS DURHAM RANCH 109, WELL COMPLETION REPORT
",https://gsq-horizon.s3-ap-southeast-2.amazonaws.com/QDEX/75809/cr_75809_1.pdf
"
PL 195, AUS DURHAM RANCH 261, WELL COMPLETION REPORT
",https://gsq-horizon.s3-ap-southeast-2.amazonaws.com/QDEX/75819/cr_75819_1.pdf
"
PL 203, AUS DURHAM RANCH 199, WELL COMPLETION REPORT
",https://gsq-horizon.s3-ap-southeast-2.amazonaws.com/QDEX/80531/cr_80531_1.pdf
"
PL 203, AUS DURHAM RANCH 167, WELL COMPLETION REPORT
",https://gsq-horizon.s3-ap-southeast-2.amazonaws.com/QDEX/80528/cr_80528_1.pdf
"
PL 203, AUS DURHAM RANCH 198, WELL COMPLETION REPORT
",https://gsq-horizon.s3-ap-southeast-2.amazonaws.com/QDEX/80572/cr_80572_1.pdf
"
PL 203, AUS DURHAM RANCH 168, WELL COMPLETION REPORT
",https://gsq-horizon.s3-ap-southeast-2.amazonaws.com/QDEX/80420/cr_80420_1.pdf
"
PL 203, AUS DURHAM RANCH 133, WELL COMPLETION REPORT
",https://gsq-horizon.s3-ap-southeast-2.amazonaws.com/QDEX/80529/cr_80529_1.pdf
"
PL 203, AUS DURHAM RANCH 190, WELL COMPLETION REPORT
",https://gsq-horizon.s3-ap-southeast-2.amazonaws.com/QDEX/80527/cr_80527_1.pdf
"
PL 203, AUS DURHAM RANCH 177, WELL COMPLETION REPORT
",https://gsq-horizon.s3-ap-southeast-2.amazonaws.com/QDEX/80000/cr_80000_1.pdf
"
PL 203, AUS DURHAM RANCH 131, WELL COMPLETION REPORT
",https://gsq-horizon.s3-ap-southeast-2.amazonaws.com/QDEX/80002/cr_80002_1.pdf
"
PL 203, AUS DURHAM RANCH 161, WELL COMPLETION REPORT
",https://gsq-horizon.s3-ap-southeast-2.amazonaws.com/QDEX/80001/cr_80001_1.pdf
"
PL 203, AUS DURHAM RANCH 239, WELL COMPLETION REPORT
",https://gsq-horizon.s3-ap-southeast-2.amazonaws.com/QDEX/79502/cr_79502_1.pdf
"
PL 203, AUS DURHAM RANCH 84, WELL COMPLETION REPORT
",https://gsq-horizon.s3-ap-southeast-2.amazonaws.com/QDEX/78666/cr_78666_1.pdf
"
PL 203, AUS DURHAM RANCH 173, WELL COMPLETION REPORT
",https://gsq-horizon.s3-ap-southeast-2.amazonaws.com/QDEX/79392/cr_79392_1.pdf
"
PL 203, AUS DURHAM RANCH 135, WELL COMPLETION REPORT
",https://gsq-horizon.s3-ap-southeast-2.amazonaws.com/QDEX/78368/cr_78368_1.pdf
"
PL 203, AUS DURHAM RANCH 153, WELL COMPLETION REPORT
",https://gsq-horizon.s3-ap-southeast-2.amazonaws.com/QDEX/77940/cr_77940_1.pdf
"
PL 203, AUS DURHAM RANCH 72, WELL COMPLETION REPORT
",https://gsq-horizon.s3-ap-southeast-2.amazonaws.com/QDEX/78094/cr_78094_1.pdf
"
PL 195, AUS DURHAM RANCH 262, WELL COMPLETION REPORT
",https://gsq-horizon.s3-ap-southeast-2.amazonaws.com/QDEX/76906/cr_76906_1.pdf
"
PL 195, AUS DURHAM RANCH 110, WELL COMPLETION REPORT
",https://gsq-horizon.s3-ap-southeast-2.amazonaws.com/QDEX/76759/cr_76759_1.pdf
"
PL 195, AUS DURHAM RANCH 83, WELL COMPLETION REPORT
",https://gsq-horizon.s3-ap-southeast-2.amazonaws.com/QDEX/71944/cr_71944_1.pdf
"
PL 203, AUS DURHAM RANCH 164, WELL COMPLETION REPORT
",https://gsq-horizon.s3-ap-southeast-2.amazonaws.com/QDEX/71948/cr_71948_1.pdf
"
PL 203, AUS DURHAM RANCH 241, WELL COMPLETION REPORT
",https://gsq-horizon.s3-ap-southeast-2.amazonaws.com/QDEX/71210/cr_71210_1.pdf
"
PL 203, AUS DURHAM RANCH 159, WELL COMPLETION REPORT
",https://gsq-horizon.s3-ap-southeast-2.amazonaws.com/QDEX/70874/cr_70874_1.pdf
"
PL 203, AUS DURHAM RANCH 119, WELL COMPLETION REPORT
",https://gsq-horizon.s3-ap-southeast-2.amazonaws.com/QDEX/71947/cr_71947_1.pdf
"
PL 203, AUS DURHAM RANCH 121, WELL COMPLETION REPORT
",https://gsq-horizon.s3-ap-southeast-2.amazonaws.com/QDEX/71209/cr_71209_1.pdf
"
PL 203, AUS DURHAM RANCH 163, WELL COMPLETION REPORT
",https://gsq-horizon.s3-ap-southeast-2.amazonaws.com/QDEX/71943/cr_71943_1.pdf
"
PL 203, AUS DURHAM RANCH 82, WELL COMPLETION REPORT
",https://gsq-horizon.s3-ap-southeast-2.amazonaws.com/QDEX/71722/cr_71722_1.pdf
"
PL 203, AUS DURHAM RANCH 157, WELL COMPLETION REPORT
",https://gsq-horizon.s3-ap-southeast-2.amazonaws.com/QDEX/71010/cr_71010_1.pdf
"
PL 203, AUS DURHAM RANCH 123, WELL COMPLETION REPORT
",https://gsq-horizon.s3-ap-southeast-2.amazonaws.com/QDEX/71070/cr_71070_1.pdf
"
PL 203, AUS DURHAM RANCH 156, WELL COMPLETION REPORT
",https://gsq-horizon.s3-ap-southeast-2.amazonaws.com/QDEX/70932/cr_70932_1.pdf
"
PL 203, AUS DURHAM RANCH 120, WELL COMPLETION REPORT
",https://gsq-horizon.s3-ap-southeast-2.amazonaws.com/QDEX/71077/cr_71077_1.pdf
"
PL 203, AUS DURHAM RANCH 125, WELL COMPLETION REPORT
",https://gsq-horizon.s3-ap-southeast-2.amazonaws.com/QDEX/70728/cr_70728_1.pdf
"
PL 203, AUS DURHAM RANCH 158, WELL COMPLETION REPORT
",https://gsq-horizon.s3-ap-southeast-2.amazonaws.com/QDEX/70873/cr_70873_1.pdf
"
PL 203, AUS DURHAM RANCH 151, WELL COMPLETION REPORT
",https://gsq-horizon.s3-ap-southeast-2.amazonaws.com/QDEX/70892/cr_70892_1.pdf
"
PL 195, OEC DURHAM RANCH 95, WELL COMPLETION REPORT
",https://gsq-horizon.s3-ap-southeast-2.amazonaws.com/QDEX/63279/cr_63279_1.pdf
"
PL 195, OEC DURHAM RANCH 98, WELL COMPLETION REPORT
",https://gsq-horizon.s3-ap-southeast-2.amazonaws.com/QDEX/63277/cr_63277_1.pdf
"
PL 195, OEC DURHAM RANCH 96, WELL COMPLETION REPORT
",https://gsq-horizon.s3-ap-southeast-2.amazonaws.com/QDEX/63280/cr_63280_1.pdf
"
PL 195, OEC DURHAM RANCH 71, WELL COMPLETION REPORT
",https://gsq-horizon.s3-ap-southeast-2.amazonaws.com/QDEX/60173/cr_60173_1.pdf
"
PL 195, OEC DURHAM RANCH 53, WELL COMPLETION REPORT
",https://gsq-horizon.s3-ap-southeast-2.amazonaws.com/QDEX/60175/cr_60175_1.pdf
"
PL 195, OEC DURHAM RANCH 74, WELL COMPLETION REPORT
",https://gsq-horizon.s3-ap-southeast-2.amazonaws.com/QDEX/60176/cr_60176_1.pdf
"
PL 195, OEC DURHAM RANCH 39, WELL COMPLETION REPORT
",https://gsq-horizon.s3-ap-southeast-2.amazonaws.com/QDEX/60174/cr_60174_1.pdf
"
PL 195, OEC DURHAM RANCH 92, WELL COMPLETION REPORT
",https://gsq-horizon.s3-ap-southeast-2.amazonaws.com/QDEX/59515/cr_59515_1.pdf
"
PL 195, OEC DURHAM RANCH 80, WELL COMPLETION REPORT
",https://gsq-horizon.s3-ap-southeast-2.amazonaws.com/QDEX/59513/cr_59513_1.pdf
"
PL 195, OEC DURHAM RANCH 97, WELL COMPLETION REPORT
",https://gsq-horizon.s3-ap-southeast-2.amazonaws.com/QDEX/58084/cr_58084_1.pdf
"
PL 195, OEC DURHAM RANCH 70, WELL COMPLETION REPORT
",https://gsq-horizon.s3-ap-southeast-2.amazonaws.com/QDEX/56973/cr_56973_1.pdf
"
PL 203, OEC DURHAM RANCH 85, WELL COMPLETION REPORT
",https://gsq-horizon.s3-ap-southeast-2.amazonaws.com/QDEX/54809/cr_54809_1.pdf
"
PL 195, OEC DURHAM RANCH 33, WELL COMPLETION REPORT
",https://gsq-horizon.s3-ap-southeast-2.amazonaws.com/QDEX/56607/cr_56607_1.pdf
"
PL 195, OEC DURHAM RANCH 81, WELL COMPLETION REPORT
",https://gsq-horizon.s3-ap-southeast-2.amazonaws.com/QDEX/53838/cr_53838_1.pdf
"
PL 195, OEC DURHAM RANCH 37, WELL COMPLETION REPORT
",https://gsq-horizon.s3-ap-southeast-2.amazonaws.com/QDEX/52141/cr_52141_1.pdf
"
PL 195, OEC DURHAM RANCH 73, WELL COMPLETION REPORT
",https://gsq-horizon.s3-ap-southeast-2.amazonaws.com/QDEX/49532/cr_49532_1.pdf
"
PL 203, OEC DURHAM RANCH 90, WELL COMPLETION REPORT
",https://gsq-horizon.s3-ap-southeast-2.amazonaws.com/QDEX/49689/cr_49689_1.pdf
"
PL 203, OEC DURHAM RANCH 91, WELL COMPLETION REPORT
",https://gsq-horizon.s3-ap-southeast-2.amazonaws.com/QDEX/46717/cr_46717_1.pdf
"
PL 195, OEC DURHAM RANCH 75, WELL COMPLETION REPORT
",https://gsq-horizon.s3-ap-southeast-2.amazonaws.com/QDEX/44553/cr_44553_1.pdf
"
PL 195, OEC DURHAM RANCH 79, WELL COMPLETION REPORT
",https://gsq-horizon.s3-ap-southeast-2.amazonaws.com/QDEX/43885/cr_43885_1.pdf
"
PL 195, OEC DURHAM RANCH 78, WELL COMPLETION REPORT
",https://gsq-horizon.s3-ap-southeast-2.amazonaws.com/QDEX/43884/cr_43884_1.pdf
"
PL 195, OEC DURHAM RANCH 76, WELL COMPLETION REPORT
",https://gsq-horizon.s3-ap-southeast-2.amazonaws.com/QDEX/43883/cr_43883_1.pdf
"
PL 195, OEC DURHAM RANCH 52, WELL COMPLETION REPORT
",https://gsq-horizon.s3-ap-southeast-2.amazonaws.com/QDEX/43367/cr_43367_1.pdf
"
PL 195, OEC DURHAM RANCH 38, WELL COMPLETION REPORT
",https://gsq-horizon.s3-ap-southeast-2.amazonaws.com/QDEX/42984/cr_42984_1.pdf
"
PL 195, OCA DURHAM RANCH 30, WELL COMPLETION REPORT
",https://gsq-horizon.s3-ap-southeast-2.amazonaws.com/QDEX/42927/cr_42927_1.pdf
"
PL 195, OCA DURHAM RANCH 23, WELL COMPLETION REPORT
",https://gsq-horizon.s3-ap-southeast-2.amazonaws.com/QDEX/43068/cr_43068_1.pdf
"
PL 195, OEC DURHAM RANCH 41, WELL COMPLETION REPORT
",https://gsq-horizon.s3-ap-southeast-2.amazonaws.com/QDEX/42965/cr_42965_1.pdf
"
PL 195, OEC DURHAM RANCH 43, WELL COMPLETION REPORT
",https://gsq-horizon.s3-ap-southeast-2.amazonaws.com/QDEX/42930/cr_42930_1.pdf
"
PL 195, OCA DURHAM RANCH 32, WELL COMPLETION REPORT
",https://gsq-horizon.s3-ap-southeast-2.amazonaws.com/QDEX/42928/cr_42928_1.pdf
"
PL 195, OCA DURHAM RANCH 29, WELL COMPLETION REPORT
",https://gsq-horizon.s3-ap-southeast-2.amazonaws.com/QDEX/43376/cr_43376_1.pdf
"
PL 195, OEC DURHAM RANCH 51, WELL COMPLETION REPORT
",https://gsq-horizon.s3-ap-southeast-2.amazonaws.com/QDEX/43377/cr_43377_1.pdf
"
PL 195, OEC DURHAM RANCH 61, WELL COMPLETION REPORT
",https://gsq-horizon.s3-ap-southeast-2.amazonaws.com/QDEX/43378/cr_43378_1.pdf
"
PL 195, OCA DURHAM RANCH 24, WELL COMPLETION REPORT
",https://gsq-horizon.s3-ap-southeast-2.amazonaws.com/QDEX/43069/cr_43069_1.pdf
"
PL 195, OEC DURHAM RANCH 50, WELL COMPLETION REPORT
",https://gsq-horizon.s3-ap-southeast-2.amazonaws.com/QDEX/42931/cr_42931_1.pdf
"
PL 195, OCA DURHAM RANCH 27, WELL COMPLETION REPORT
",https://gsq-horizon.s3-ap-southeast-2.amazonaws.com/QDEX/42903/cr_42903_1.pdf
"
PL 195, OEC DURHAM RANCH 57, WELL COMPLETION REPORT
",https://gsq-horizon.s3-ap-southeast-2.amazonaws.com/QDEX/42932/cr_42932_1.pdf
"
PL 195, OEC DURHAM RANCH 42, WELL COMPLETION REPORT
",https://gsq-horizon.s3-ap-southeast-2.amazonaws.com/QDEX/43206/cr_43206_1.pdf
"
PL 195, OEC DURHAM RANCH 63, WELL COMPLETION REPORT
",https://gsq-horizon.s3-ap-southeast-2.amazonaws.com/QDEX/42913/cr_42913_1.pdf
"
PL 195, AUS DURHAM RANCH 64, WELL COMPLETION REPORT
",https://gsq-horizon.s3-ap-southeast-2.amazonaws.com/QDEX/42902/cr_42902_1.pdf
"
PL 195, OEC DURHAM RANCH 54, WELL COMPLETION REPORT
",https://gsq-horizon.s3-ap-southeast-2.amazonaws.com/QDEX/42898/cr_42898_1.pdf
"
PL 195, OEC DURHAM RANCH 34, WELL COMPLETION REPORT
",https://gsq-horizon.s3-ap-southeast-2.amazonaws.com/QDEX/42983/cr_42983_1.pdf
"
PL 195, OEC DURHAM RANCH 46, WELL COMPLETION REPORT
",https://gsq-horizon.s3-ap-southeast-2.amazonaws.com/QDEX/42970/cr_42970_1.pdf
"
PL 195, OEC DURHAM RANCH 77, WELL COMPLETION REPORT
",https://geoscience.data.qld.gov.au/data/dataset/9f2db080-355b-4cc1-ad92-5991f8328ef6/resource/geo-doc419484-cr042710/download/%252FReport%25252f42710%25252fDocument%25252f419484%25252f42710.zip
"
PL 195, OEC DURHAM RANCH 40, WELL COMPLETION REPORT
",https://geoscience.data.qld.gov.au/data/dataset/9c13b8ff-a454-4e7d-9dd5-20126085deec/resource/geo-doc418663-cr039898/download/%252FReport%25252f39898%25252fDocument%25252f418663%25252f39898.zip
"
PL 195, OEC DURHAM RANCH 48, WELL COMPLETION REPORT
",https://geoscience.data.qld.gov.au/data/dataset/3eb55b53-30ac-43df-8e5a-744cb2e0d9e0/resource/geo-doc418237-cr039899/download/%252FReport%25252f39899%25252fDocument%25252f418237%25252f39899.zip
"
PL 195, OEC DURHAM RANCH 47, WELL COMPLETION REPORT
",https://geoscience.data.qld.gov.au/data/dataset/d8da7da9-93dc-4aa4-aeec-f7c3f3467691/resource/geo-doc418435-cr039799/download/%252FReport%25252f39799%25252fDocument%25252f418435%25252f39799.zip
"
PL 195, OEC DURHAM RANCH 59, WELL COMPLETION REPORT
",https://gsq-horizon.s3-ap-southeast-2.amazonaws.com/QDEX/39778/cr_39778_1.pdf
"
PL 195, OEC DURHAM RANCH 65, WELL COMPLETION REPORT
",https://gsq-horizon.s3-ap-southeast-2.amazonaws.com/QDEX/39757/cr_39757_1.pdf
"
PL 195, OEC DURHAM RANCH 55, WELL COMPLETION REPORT
",https://gsq-horizon.s3-ap-southeast-2.amazonaws.com/QDEX/42455/cr_42455_1.pdf
"
PL 195, OCA DURHAM RANCH 31, WELL COMPLETION REPORT
",https://gsq-horizon.s3-ap-southeast-2.amazonaws.com/QDEX/40362/cr_40362_1.pdf
"
PL 195, OEC DURHAM RANCH 60, WELL COMPLETION REPORT
",https://gsq-horizon.s3-ap-southeast-2.amazonaws.com/QDEX/40363/cr_40363_1.pdf
"
PL 195, OEC DURHAM RANCH 45, WELL COMPLETION REPORT
",https://geoscience.data.qld.gov.au/data/dataset/5f3008b2-04f5-422c-b5d0-eb5b8febb530/resource/geo-doc418964-cr040267/download/%252FReport%25252f40267%25252fDocument%25252f418964%25252f40267.zip
"
PL 195, OEC DURHAM RANCH 35, WELL COMPLETION REPORT
",https://gsq-horizon.s3-ap-southeast-2.amazonaws.com/QDEX/40505/cr_40505_1.pdf
"
PL 195, OEC DURHAM RANCH 58, WELL COMPLETION REPORT
",https://gsq-horizon.s3-ap-southeast-2.amazonaws.com/QDEX/40105/cr_40105_1.pdf
"
PL 195, OEC DURHAM RANCH 44, WELL COMPLETION REPORT
",https://gsq-horizon.s3-ap-southeast-2.amazonaws.com/QDEX/39984/cr_39984_1.pdf
"
PL 195, OEC DURHAM RANCH 69, WELL COMPLETION REPORT
",https://gsq-horizon.s3-ap-southeast-2.amazonaws.com/QDEX/40103/cr_40103_1.pdf
"
PL 195, OEC DURHAM RANCH 49, WELL COMPLETION REPORT
",https://gsq-horizon.s3-ap-southeast-2.amazonaws.com/QDEX/39779/cr_39779_1.pdf
"
PL 195, OCA DURHAM RANCH 25, WELL COMPLETION REPORT
",https://gsq-horizon.s3-ap-southeast-2.amazonaws.com/QDEX/39497/cr_39497_1.pdf
"
PL 195, OEC DURHAM RANCH 62, WELL COMPLETION REPORT
",https://gsq-horizon.s3-ap-southeast-2.amazonaws.com/QDEX/39046/cr_39046_1.pdf
"
PL 195, OCA DURHAM RANCH 20, WELL COMPLETION REPORT
",https://gsq-horizon.s3-ap-southeast-2.amazonaws.com/QDEX/39017/cr_39017_1.pdf
"
PL 195, OEC DURHAM RANCH 56, WELL COMPLETION REPORT
",https://gsq-horizon.s3-ap-southeast-2.amazonaws.com/QDEX/39018/cr_39018_1.pdf
"
PL 195, OCA DURHAM RANCH 22, WELL COMPLETION REPORT
",https://gsq-horizon.s3-ap-southeast-2.amazonaws.com/QDEX/39077/cr_39077_1.pdf
"
ATP 592, OER DURHAM RANCH 254, WELL COMPLETION REPORT
",https://gsq-horizon.s3-ap-southeast-2.amazonaws.com/QDEX/89556/cr_89556_1.pdf
"
ATP 592, OCA DURHAM RANCH 17, WELL COMPLETION REPORT
",https://gsq-horizon.s3-ap-southeast-2.amazonaws.com/QDEX/36968/cr_36968_1.pdf
"
PL 195, OER DURHAM RANCH PRECIPICE WI 3R, WELL COMPLETION REPORT
",https://gsq-horizon.s3-ap-southeast-2.amazonaws.com/QDEX/97311/cr_97311_1.pdf
"
PL 417, OER DURHAM RANCH 231H, WELL COMPLETION REPORT
",https://geoscience.data.qld.gov.au/data/dataset/70839fdb-04cc-4eac-9ebc-8cd1a49cff3e/resource/geo-doc660166-cr094910/download/%252FReport%25252f94910%25252fDocument%25252f660166%25252fcr_94910_1.pdf
"
PL 417, OER DURHAM RANCH 237H, WELL COMPLETION REPORT
",https://geoscience.data.qld.gov.au/data/dataset/9d8f1a4a-7a26-44c9-a61b-2e8b60d767b1/resource/geo-doc659737-cr094911/download/%252FReport%25252f94911%25252fDocument%25252f659737%25252fcr_94911_1.pdf
"
PL 195, OER DURHAM RANCH PRECIPICE WI 2, WELL COMPLETION REPORT
",https://gsq-horizon.s3-ap-southeast-2.amazonaws.com/QDEX/106874/cr_106874_1.pdf
"
PL 195, OER DURHAM RANCH PRECIPICE WI 3, WELL COMPLETION REPORT
",https://gsq-horizon.s3-ap-southeast-2.amazonaws.com/QDEX/106875/cr_106875_1.pdf
"
PL 417, OER DURHAM RANCH 236V, WELL COMPLETION REPORT
",https://geoscience.data.qld.gov.au/data/dataset/dbda66b8-4585-4866-8db6-d6f7d2cea33c/resource/geo-doc1033723-cr092664/download/%252FReport%252F92664%252FDocument%252F1033723%252Fcr_92664_1.pdf
"
PL 417, OER DURHAM RANCH 233H, WELL COMPLETION REPORT
",https://gsq-private.s3-ap-southeast-2.amazonaws.com/Report/94414/cr_94414_1.pdf
"
PL 417, OER DURHAM RANCH 238H, WELL COMPLETION REPORT
",https://geoscience.data.qld.gov.au/data/dataset/72c38969-bd56-41ee-a23a-e443e0526bf4/resource/geo-doc1305253-cr094433/download/%252FReport%25252f94433%25252fDocument%25252f1305253%25252fcr_94433_1.pdf
"
PL 417, OER DURHAM RANCH 235V, WELL COMPLETION REPORT
",https://geoscience.data.qld.gov.au/data/dataset/c55003f7-3e77-41f4-9d44-f29494953829/resource/geo-doc1033954-cr092663/download/%252FReport%252F92663%252FDocument%252F1033954%252Fcr_92663_1.pdf
"
PL 417, OER DURHAM RANCH 234V, WELL COMPLETION REPORT
",https://geoscience.data.qld.gov.au/data/dataset/9535adf3-e30e-4efa-bb57-f0b9f61828de/resource/geo-doc1033516-cr092662/download/%252FReport%252F92662%252FDocument%252F1033516%252Fcr_92662_1.pdf
"
ATP 592, OER DURHAM RANCH 253, WELL COMPLETION REPORT
",https://gsq-horizon.s3-ap-southeast-2.amazonaws.com/QDEX/90267/cr_90267_1.pdf
"
PL 195, OER DURHAM RANCH PRECIPICE WI 2R, WELL COMPLETION REPORT
",https://gsq-horizon.s3-ap-southeast-2.amazonaws.com/QDEX/103298/cr_103298_1.pdf
"
PL 195, OER DURHAM RANCH 282H, WELL COMPLETION REPORT
",https://geoscience.data.qld.gov.au/data/dataset/744de172-98e8-4960-9693-d2989988076b/resource/geo-doc511022-cr101880/download/%252FReport%252F101880%252FDocument%252F511022%252Fcr_101880_1.pdf
"
PL 416, OER DURHAM RANCH 299R, WELL COMPLETION REPORT
",https://geoscience.data.qld.gov.au/data/dataset/2dda5750-f756-40a0-8e49-e1f4847081dd/resource/geo-doc510513-cr101874/download/%252FReport%25252f101874%25252fDocument%25252f510513%25252fcr_101874_1.pdf
"
PL 195, AUS DURHAM RANCH 269O, WELL COMPLETION REPORT, (REVISED)
",https://geoscience.data.qld.gov.au/data/dataset/b9f173be-c3fc-4f7c-a479-776378b3cbf3/resource/geo-doc510558-cr101472/download/%252FReport%252F101472%252FDocument%252F510558%252Fcr_101472_1.pdf
"
ATP 592, OER DURHAM RANCH 242, WELL COMPLETION REPORT
",https://gsq-horizon.s3-ap-southeast-2.amazonaws.com/QDEX/83417/cr_83417_1.pdf
"
ATP 592, OER DURHAM RANCH 247, WELL COMPLETION REPORT
",https://gsq-horizon.s3-ap-southeast-2.amazonaws.com/QDEX/81598/cr_81598_1.pdf
"
PL 203, OER DURHAM RANCH 189R, WELL COMPLETION REPORT
",https://gsq-horizon.s3-ap-southeast-2.amazonaws.com/QDEX/81294/cr_81294_1.pdf
"
PL 203, AUS DURHAM RANCH 251H, WELL COMPLETION REPORT
",https://gsq-horizon.s3-ap-southeast-2.amazonaws.com/QDEX/80855/cr_80855_1.pdf
"
PL 203, AUS DURHAM RANCH 251V, WELL COMPLETION REPORT
",https://gsq-horizon.s3-ap-southeast-2.amazonaws.com/QDEX/79936/cr_79936_1.pdf
"
PL 203, AUS DURHAM RANCH 122V, WELL COMPLETION REPORT
",https://gsq-horizon.s3-ap-southeast-2.amazonaws.com/QDEX/73881/cr_73881_1.pdf
"
PL 203, AUS DURHAM RANCH 122H, WELL COMPLETION REPORT
",https://gsq-horizon.s3-ap-southeast-2.amazonaws.com/QDEX/73892/cr_73892_1.pdf
"
ATP 592, AUS DURHAM RANCH 248, WELL COMPLETION REPORT
",https://gsq-horizon.s3-ap-southeast-2.amazonaws.com/QDEX/69433/cr_69433_1.pdf
"
ATP 592, AUS DURHAM RANCH 245, WELL COMPLETION REPORT
",https://gsq-horizon.s3-ap-southeast-2.amazonaws.com/QDEX/69431/cr_69431_1.pdf
"
PL 195, AUS DURHAM RANCH PRECIPICE WI 1, WELL COMPLETION REPORT
",https://gsq-horizon.s3-ap-southeast-2.amazonaws.com/QDEX/67494/cr_67494_1.pdf
"
ATP 592, OCA DURHAM RANCH 26, WELL COMPLETION REPORT
",https://gsq-horizon.s3-ap-southeast-2.amazonaws.com/QDEX/37712/cr_37712_1.pdf
"
ATP 592, OCA DURHAM RANCH 21, WELL COMPLETION REPORT
",https://gsq-horizon.s3-ap-southeast-2.amazonaws.com/QDEX/37686/cr_37686_1.pdf
"
ATP 592, OCA DURHAM RANCH 18, WELL COMPLETION REPORT
",https://gsq-horizon.s3-ap-southeast-2.amazonaws.com/QDEX/38116/cr_38116_1.pdf
"
ATP 592, TOG DURHAM RANCH 19, WELL COMPLETION REPORT
",https://gsq-horizon.s3-ap-southeast-2.amazonaws.com/QDEX/37834/cr_37834_1.pdf
"
ATP 592, OCA DURHAM RANCH 10, WELL COMPLETION REPORT
",https://gsq-horizon.s3-ap-southeast-2.amazonaws.com/QDEX/36962/cr_36962_1.pdf
"
ATP 592, OCA DURHAM RANCH 12, WELL COMPLETION REPORT
",https://gsq-horizon.s3-ap-southeast-2.amazonaws.com/QDEX/36964/cr_36964_1.pdf
"
ATP 592, OCA DURHAM RANCH 16, WELL COMPLETION REPORT
",https://gsq-horizon.s3-ap-southeast-2.amazonaws.com/QDEX/35213/cr_35213_1.pdf
"
ATP 592, OCA DURHAM RANCH 13, WELL COMPLETION REPORT
",https://gsq-horizon.s3-ap-southeast-2.amazonaws.com/QDEX/36965/cr_36965_1.pdf
"
ATP 592, OCA DURHAM RANCH 11, WELL COMPLETION REPORT
",https://gsq-horizon.s3-ap-southeast-2.amazonaws.com/QDEX/36963/cr_36963_1.pdf
"
ATP 592, OCA DURHAM RANCH 14, WELL COMPLETION REPORT
",https://gsq-horizon.s3-ap-southeast-2.amazonaws.com/QDEX/36966/cr_36966_1.pdf
"
ATP 592, OCA DURHAM RANCH 15, WELL COMPLETION REPORT
",https://gsq-horizon.s3-ap-southeast-2.amazonaws.com/QDEX/36967/cr_36967_1.pdf
"
ATP 592, TPC DURHAM RANCH 1, WELL COMPLETION REPORT
",https://gsq-horizon.s3-ap-southeast-2.amazonaws.com/QDEX/32858/cr_32858_1.tif
